<ETHERNETKRL>
	<CONFIGURATION>
		<EXTERNAL>
			<TYPE>Client</TYPE>
		</EXTERNAL>
		<INTERNAL>
			<IP>192.168.1.147</IP>
			<PORT>54600</PORT>
			<ALIVE Set_Flag="1"/>
		</INTERNAL>
	</CONFIGURATION>
	<RECEIVE>
		<XML>
			<ELEMENT Tag="Data/ActPos" Type="INT" Set_Flag="2" />
			<ELEMENT Tag="Data/ActPos/@X" Type="REAL" />
			<ELEMENT Tag="Data/ActPos/@Y" Type="REAL" />
			<ELEMENT Tag="Data/ActPos/@Z" Type="REAL" />
			<ELEMENT Tag="Data/ActPos/@A" Type="REAL" />
			<ELEMENT Tag="Data/ActPos/@B" Type="REAL" />
			<ELEMENT Tag="Data/ActPos/@C" Type="REAL" />
		</XML>
	</RECEIVE>
	<SEND>
		<XML>
			<ELEMENT Tag="ROBOT/ACK" Type="STRING"/>
		</XML>
	</SEND>
</ETHERNETKRL>